Participant ID,Age,Blood Pressure (mmHg),Smoking Status,Age Group,Smoking (0/1),20s,30s,40s,50s,60+,,Correlation Analysis,Value,,,,
P001,25,134,No,20s,0,134,133,123,122,112,,Point-Biserial Correlation (r),-0.13,,,,
P002,47,123,No,40s,0,143,133,119,103,120,,P-value,0.16,,,,
P003,47,119,No,40s,0,128,134,141,138,145,,Interpretation,"There is a weak negative association between smoking status and blood pressure (r = -0.13). The p-value of 0.16 is greater than 0.05, indicating that the association is not statistically significant. Therefore, smoking status does not show a significant relationship with blood pressure in this dataset.",,,,
P004,63,112,No,60+,0,128,131,163,136,112,,,,,,,
P005,63,120,Yes,60+,1,107,166,120,111,143,,,,,,,
P006,39,133,No,30s,0,145,123,144,112,114,,Blood Pressure Skewness,0.09,,,,
P007,49,141,Yes,40s,1,104,134,141,127,108,,Age Skewness,-0.02,,,,
P008,30,133,Yes,30s,1,124,116,144,126,137,,,,,,,
P009,74,145,No,60+,0,136,130,104,140,139,,,,,,,
P010,47,163,No,40s,0,118,128,137,111,113,,,,,,,
P011,44,120,No,40s,0,126,108,120,117,138,,,,,,,
P012,58,122,No,50s,0,151,124,141,136,121,,,,,,,
P013,52,103,Yes,50s,1,138,130,125,126,143,,,,,,,
P014,20,143,Yes,20s,1,146,126,140,141,133,,,,,,,
P015,46,144,Yes,40s,1,138,148,117,129,111,,,,,,,
P016,71,112,No,60+,0,145,127,112,125,126,,,,,,,
P017,32,134,No,30s,0,127,152.4,150.4,102,123,,,,,,,
P018,60,143,No,60+,0,112,153.5,151.6,119,141,,,,,,,
P019,22,128,Yes,20s,1,98,131.4,,133,128,,,,,,,
P020,58,138,No,50s,0,120,139.6,,145,113,,,,,,,
P021,25,128,No,20s,0,106,,,137,111,,,,,,,
P022,27,107,No,20s,0,106.3,,,148.6,139,,,,,,,
P023,46,141,No,40s,0,123.7,,,117.8,147,,,,,,,
P024,28,145,No,20s,0,116.5,,,100.3,128,,,,,,,
P025,56,136,Yes,50s,1,,,,130.7,161,,,,,,,
P026,52,111,No,50s,0,,,,,153,,,,,,,
P027,70,114,No,60+,0,,,,,150.7,,,,,,,
P028,61,108,Yes,60+,1,,,,,148.7,,,,,,,
P029,63,137,Yes,60+,1,,,,,119.8,,,,,,,
P030,43,144,Yes,40s,1,,,,,105.6,,,,,,,
P031,34,131,Yes,30s,1,,,,,125.9,,,,,,,
P032,73,139,No,60+,0,,,,,106.6,,,,,,,
P033,51,112,No,50s,0,,,,,114.5,,,,,,,
P034,51,127,No,50s,0,,,,,,,,,,,,
P035,43,104,Yes,40s,1,,,,,,,,,,,,
P036,60,113,No,60+,0,,,,,,,Age Group,Q1,Median,Q3,IQR,Outliers
P037,71,138,No,60+,0,,,,,,,20s,115.38,126.50,138.00,22.63,0.00
P038,68,121,Yes,60+,1,,,,,,,30s,126.75,131.20,135.40,8.65,4.00
P039,68,143,No,60+,0,,,,,,,40s,120.00,138.50,143.25,23.25,0.00
P040,71,133,No,60+,0,,,,,,,50s,117.00,126.00,136.00,19.00,0.00
P041,31,166,No,30s,0,,,,,,,60+,113.00,126.00,141.00,28.00,0.00
P042,58,126,No,50s,0,,,,,,,,,,,,
P043,21,104,Yes,20s,1,,,,,,,,,,,,
P044,22,124,No,20s,0,,,,,,,,,,,,
P045,68,111,No,60+,0,,,,,,,Outlier Observation,"The 30s age group has 4 outliers, while the 20s, 40s, 50s, and 60+ groups have no outliers. These outliers may increase the variability within the 30s group but are unlikely to affect the overall smoking–blood pressure correlation substantially.",,,,
P046,56,140,No,50s,0,,,,,,,,,,,,
P047,68,126,No,60+,0,,,,,,,,,,,,
P048,36,123,No,30s,0,,,,,,,,,,,,
P049,68,123,Yes,60+,1,,,,,,,,,,,,
P050,21,136,Yes,20s,1,,,,,,,,,,,,
P051,21,118,No,20s,0,,,,,,,Overall Pattern & Method Analysis,,,,,
P052,47,137,Yes,40s,1,,,,,,,Pattern,"Blood Pressure is approximately symmetric (skewness = 0.09). The 60+ age group has the highest variability based on IQR (28.00), while the 30s group has the lowest variability (8.65).",,,,
P053,73,141,No,60+,0,,,,,,,Method Choice,"Point-Biserial correlation was appropriate because Smoking Status is a binary variable (Yes/No) and Blood Pressure is continuous. The correlation was r = -0.13 with p = 0.16, indicating a weak and statistically insignificant negative association.",,,,
P054,42,120,No,40s,0,,,,,,,Outlier Impact,"The 30s age group had 4 blood pressure outliers. These may increase variability within that age group, but the overall smoking–blood pressure correlation remains weak and statistically insignificant.",,,,
P055,56,111,No,50s,0,,,,,,,,,,,,
P056,51,117,No,50s,0,,,,,,,,,,,,
P057,52,136,No,50s,0,,,,,,,,,,,,
P058,20,126,No,20s,0,,,,,,,,,,,,
P059,38,134,No,30s,0,,,,,,,,,,,,
P060,21,151,No,20s,0,,,,,,,,,,,,
P061,72,128,No,60+,0,,,,,,,,,,,,
P062,63,113,No,60+,0,,,,,,,,,,,,
P063,45,141,No,40s,0,,,,,,,,,,,,
P064,51,126,Yes,50s,1,,,,,,,,,,,,
P065,25,138,Yes,20s,1,,,,,,,,,,,,
P066,51,141,Yes,50s,1,,,,,,,,,,,,
P067,74,111,Yes,60+,1,,,,,,,,,,,,
P068,23,146,Yes,20s,1,,,,,,,,,,,,
P069,74,139,No,60+,0,,,,,,,,,,,,
P070,30,116,Yes,30s,1,,,,,,,,,,,,
P071,36,130,No,30s,0,,,,,,,,,,,,
P072,57,129,No,50s,0,,,,,,,,,,,,
P073,43,125,Yes,40s,1,,,,,,,,,,,,
P074,24,138,No,20s,0,,,,,,,,,,,,
P075,71,147,Yes,60+,1,,,,,,,,,,,,
P076,53,125,Yes,50s,1,,,,,,,,,,,,
P077,25,145,No,20s,0,,,,,,,,,,,,
P078,41,140,No,40s,0,,,,,,,,,,,,
P079,30,128,No,30s,0,,,,,,,,,,,,
P080,67,128,No,60+,0,,,,,,,,,,,,
P081,35,108,No,30s,0,,,,,,,,,,,,
P082,52,102,Yes,50s,1,,,,,,,,,,,,
P083,28,127,Yes,20s,1,,,,,,,,,,,,
P084,25,112,No,20s,0,,,,,,,,,,,,
P085,35,124,No,30s,0,,,,,,,,,,,,
P086,48,117,No,40s,0,,,,,,,,,,,,
P087,22,98,No,20s,0,,,,,,,,,,,,
P088,39,130,No,30s,0,,,,,,,,,,,,
P089,55,119,No,50s,0,,,,,,,,,,,,
P090,38,126,No,30s,0,,,,,,,,,,,,
P091,45,112,No,40s,0,,,,,,,,,,,,
P092,22,120,No,20s,0,,,,,,,,,,,,
P093,38,148,No,30s,0,,,,,,,,,,,,
P094,39,127,No,30s,0,,,,,,,,,,,,
P095,51,133,No,50s,0,,,,,,,,,,,,
P096,26,106,Yes,20s,1,,,,,,,,,,,,
P097,71,161,No,60+,0,,,,,,,,,,,,
P098,60,153,No,60+,0,,,,,,,,,,,,
P099,52,145,No,50s,0,,,,,,,,,,,,
P100,59,137,No,50s,0,,,,,,,,,,,,
P101,58,148.6,Yes,50s,1,,,,,,,,,,,,
P102,64,150.7,Yes,60+,1,,,,,,,,,,,,
P103,72,148.7,No,60+,0,,,,,,,,,,,,
P104,61,119.8,No,60+,0,,,,,,,,,,,,
P105,77,105.6,Yes,60+,1,,,,,,,,,,,,
P106,58,117.8,Yes,50s,1,,,,,,,,,,,,
P107,33,152.4,No,30s,0,,,,,,,,,,,,
P108,50,100.3,Yes,50s,1,,,,,,,,,,,,
P109,77,125.9,Yes,60+,1,,,,,,,,,,,,
P110,24,106.3,Yes,20s,1,,,,,,,,,,,,
P111,54,130.7,No,50s,0,,,,,,,,,,,,
P112,42,150.4,No,40s,0,,,,,,,,,,,,
P113,48,151.6,No,40s,0,,,,,,,,,,,,
P114,62,106.6,No,60+,0,,,,,,,,,,,,
P115,30,153.5,No,30s,0,,,,,,,,,,,,
P116,37,131.4,No,30s,0,,,,,,,,,,,,
P117,66,114.5,No,60+,0,,,,,,,,,,,,
P118,31,139.6,Yes,30s,1,,,,,,,,,,,,
P119,28,123.7,Yes,20s,1,,,,,,,,,,,,
P120,29,116.5,Yes,20s,1,,,,,,,,,,,,
,,,,,,,,,,,,,,,,,
,,,,,,, ,,,,,,,,,,
,,,,,,,,,,,,,,,,,
,,,,,,,,,,,,,,,,,
,,,,,,,,,,,,,,,,,
,,,,,,,,,,,,,,,,,
,,,,,,,,,,,,,,,,,
,,,,,,,,,,,,,,,,,
,,,,, ,,,,,,,,,,,,
,,,,, ,,,,,,,,,,,,
